{"cameraMode":{"drawMode":0,"name":"Shaded","section":"Shading Mode"},"sceneLighting":true,"audioPlay":false,"sceneViewState":{"m_AlwaysRefresh":false,"showFog":true,"showSkybox":true,"showFlares":true,"showImageEffects":true,"showParticleSystems":true,"showVisualEffectGraphs":true,"m_FxEnabled":true},"in2DMode":false,"pivot":{"x":16.278703689575197,"y":-12.621572494506836,"z":-28.49126434326172},"rotation":{"x":-0.017292536795139314,"y":-0.9705133438110352,"z":0.23111842572689057,"w":-0.07127585262060166},"size":19.281667709350587,"orthographic":false}