{"cameraMode":{"drawMode":0,"name":"Shaded","section":"Shading Mode"},"sceneLighting":true,"audioPlay":false,"sceneViewState":{"m_AlwaysRefresh":false,"showFog":true,"showSkybox":true,"showFlares":true,"showImageEffects":true,"showParticleSystems":true,"showVisualEffectGraphs":true,"m_FxEnabled":true},"in2DMode":false,"pivot":{"x":9.926480293273926,"y":-3.6422722339630129,"z":17.65724754333496},"rotation":{"x":-0.3291757106781006,"y":-0.008571961894631386,"z":0.0024440090637654068,"w":-0.9446244835853577},"size":12.002092361450196,"orthographic":false}