{"cameraMode":{"drawMode":0,"name":"Shaded","section":"Shading Mode"},"sceneLighting":true,"audioPlay":false,"sceneViewState":{"m_AlwaysRefresh":false,"showFog":true,"showSkybox":true,"showFlares":true,"showImageEffects":true,"showParticleSystems":true,"showVisualEffectGraphs":true,"m_FxEnabled":true},"in2DMode":false,"pivot":{"x":42.896358489990237,"y":-126.37771606445313,"z":158.67666625976563},"rotation":{"x":-0.38679197430610659,"y":0.02894233912229538,"z":-0.023005804046988488,"w":-0.9227080941200256},"size":99.83985900878906,"orthographic":false}