{"cameraMode":{"drawMode":0,"name":"Shaded","section":"Shading Mode"},"sceneLighting":true,"audioPlay":false,"sceneViewState":{"m_AlwaysRefresh":false,"showFog":true,"showSkybox":true,"showFlares":true,"showImageEffects":true,"showParticleSystems":true,"showVisualEffectGraphs":true,"m_FxEnabled":true},"in2DMode":false,"pivot":{"x":9.14242172241211,"y":2.9092776775360109,"z":3.940886974334717},"rotation":{"x":-0.09408821165561676,"y":0.024707486853003503,"z":-0.007293039932847023,"w":-0.9960684776306152},"size":4.202017784118652,"orthographic":false}