{"cameraMode":{"drawMode":0,"name":"Shaded","section":"Shading Mode"},"sceneLighting":true,"audioPlay":false,"sceneViewState":{"m_AlwaysRefresh":false,"showFog":true,"showSkybox":true,"showFlares":true,"showImageEffects":true,"showParticleSystems":true,"showVisualEffectGraphs":true,"m_FxEnabled":true},"in2DMode":false,"pivot":{"x":5.303371429443359,"y":-30.81739044189453,"z":52.3717041015625},"rotation":{"x":0.29048147797584536,"y":-0.049634020775556567,"z":0.02288604900240898,"w":0.9562821388244629},"size":32.543601989746097,"orthographic":false}