{"cameraMode":{"drawMode":0,"name":"Shaded","section":"Shading Mode"},"sceneLighting":true,"audioPlay":false,"sceneViewState":{"m_AlwaysRefresh":false,"showFog":true,"showSkybox":true,"showFlares":true,"showImageEffects":true,"showParticleSystems":true,"showVisualEffectGraphs":true,"m_FxEnabled":true},"in2DMode":false,"pivot":{"x":10.122865676879883,"y":1.000536561012268,"z":0.550028920173645},"rotation":{"x":0.013160950504243374,"y":0.9725244045257568,"z":-0.23662514984607697,"w":0.01002203207463026},"size":2.022066831588745,"orthographic":false}