{"cameraMode":{"drawMode":0,"name":"Shaded","section":"Shading Mode"},"sceneLighting":true,"audioPlay":false,"sceneViewState":{"m_AlwaysRefresh":false,"showFog":true,"showSkybox":true,"showFlares":true,"showImageEffects":true,"showParticleSystems":true,"showVisualEffectGraphs":true,"m_FxEnabled":true},"in2DMode":false,"pivot":{"x":8.565390586853028,"y":5.035555839538574,"z":1.7835822105407715},"rotation":{"x":-0.2323651909828186,"y":-0.012818736955523491,"z":-0.0006359695107676089,"w":-0.9733138084411621},"size":1.3776522874832154,"orthographic":false}