{"cameraMode":{"drawMode":0,"name":"Shaded","section":"Shading Mode"},"sceneLighting":true,"audioPlay":false,"sceneViewState":{"m_AlwaysRefresh":false,"showFog":true,"showSkybox":true,"showFlares":true,"showImageEffects":true,"showParticleSystems":true,"showVisualEffectGraphs":true,"m_FxEnabled":true},"in2DMode":false,"pivot":{"x":10.975748062133789,"y":-5.609299182891846,"z":21.340909957885743},"rotation":{"x":0.23086033761501313,"y":0.017418762668967248,"z":-0.0020147357136011125,"w":0.9735044240951538},"size":11.718050956726075,"orthographic":false}