{"cameraMode":{"drawMode":0,"name":"Shaded","section":"Shading Mode"},"sceneLighting":true,"audioPlay":false,"sceneViewState":{"m_AlwaysRefresh":false,"showFog":true,"showSkybox":true,"showFlares":true,"showImageEffects":true,"showParticleSystems":true,"showVisualEffectGraphs":true,"m_FxEnabled":true},"in2DMode":false,"pivot":{"x":5.955906867980957,"y":2.229466676712036,"z":36.025657653808597},"rotation":{"x":-0.03614664450287819,"y":0.041551001369953158,"z":-0.005011362489312887,"w":-0.9992179274559021},"size":2.9745137691497804,"orthographic":false}