{"cameraMode":{"drawMode":0,"name":"Shaded","section":"Shading Mode"},"sceneLighting":true,"audioPlay":false,"sceneViewState":{"m_AlwaysRefresh":false,"showFog":true,"showSkybox":true,"showFlares":true,"showImageEffects":true,"showParticleSystems":true,"showVisualEffectGraphs":true,"m_FxEnabled":true},"in2DMode":false,"pivot":{"x":10.540088653564454,"y":6.9505720138549809,"z":16.082454681396486},"rotation":{"x":-0.36488625407218935,"y":-0.053663309663534167,"z":0.019288135692477227,"w":-0.9299832582473755},"size":1.3446458578109742,"orthographic":false}