{"cameraMode":{"drawMode":0,"name":"Shaded","section":"Shading Mode"},"sceneLighting":true,"audioPlay":false,"sceneViewState":{"m_AlwaysRefresh":false,"showFog":true,"showSkybox":true,"showFlares":true,"showImageEffects":true,"showParticleSystems":true,"showVisualEffectGraphs":true,"m_FxEnabled":true},"in2DMode":false,"pivot":{"x":9.710119247436524,"y":3.424304485321045,"z":41.805809020996097},"rotation":{"x":-0.2331957072019577,"y":0.019361447542905809,"z":-0.007995144464075566,"w":-0.9729636311531067},"size":3.467987537384033,"orthographic":false}