{"cameraMode":{"drawMode":0,"name":"Shaded","section":"Shading Mode"},"sceneLighting":true,"audioPlay":false,"sceneViewState":{"m_AlwaysRefresh":false,"showFog":true,"showSkybox":true,"showFlares":true,"showImageEffects":true,"showParticleSystems":true,"showVisualEffectGraphs":true,"m_FxEnabled":true},"in2DMode":false,"pivot":{"x":10.298840522766114,"y":9.286835670471192,"z":-1.3137239217758179},"rotation":{"x":-0.2625429630279541,"y":-0.07060931622982025,"z":0.008091911673545838,"w":-0.9634133577346802},"size":2.4117825031280519,"orthographic":false}