{"cameraMode":{"drawMode":0,"name":"Shaded","section":"Shading Mode"},"sceneLighting":true,"audioPlay":false,"sceneViewState":{"m_AlwaysRefresh":false,"showFog":true,"showSkybox":true,"showFlares":true,"showImageEffects":true,"showParticleSystems":true,"showVisualEffectGraphs":true,"m_FxEnabled":true},"in2DMode":false,"pivot":{"x":10.036694526672364,"y":3.5827739238739015,"z":19.082183837890626},"rotation":{"x":-0.2609128952026367,"y":0.007109139114618301,"z":-0.005009351298213005,"w":-0.9660767316818237},"size":3.467987537384033,"orthographic":false}