{"cameraMode":{"drawMode":0,"name":"Shaded","section":"Shading Mode"},"sceneLighting":true,"audioPlay":false,"sceneViewState":{"m_AlwaysRefresh":false,"showFog":true,"showSkybox":true,"showFlares":true,"showImageEffects":true,"showParticleSystems":true,"showVisualEffectGraphs":true,"m_FxEnabled":true},"in2DMode":false,"pivot":{"x":10.134384155273438,"y":5.433047294616699,"z":-1.5000295639038087},"rotation":{"x":-0.3021833002567291,"y":0.009062612429261208,"z":-0.008748925291001797,"w":-0.9540460705757141},"size":0.26466408371925356,"orthographic":false}