{"cameraMode":{"drawMode":0,"name":"Shaded","section":"Shading Mode"},"sceneLighting":true,"audioPlay":false,"sceneViewState":{"m_AlwaysRefresh":false,"showFog":true,"showSkybox":true,"showFlares":true,"showImageEffects":true,"showParticleSystems":true,"showVisualEffectGraphs":true,"m_FxEnabled":true},"in2DMode":false,"pivot":{"x":11.011312484741211,"y":3.2268500328063967,"z":-1.1675450801849366},"rotation":{"x":-0.04943167790770531,"y":-0.037440069019794467,"z":-0.001986970193684101,"w":-0.9988573789596558},"size":1.3776522874832154,"orthographic":false}