{"cameraMode":{"drawMode":0,"name":"Shaded","section":"Shading Mode"},"sceneLighting":true,"audioPlay":false,"sceneViewState":{"m_AlwaysRefresh":false,"showFog":true,"showSkybox":true,"showFlares":true,"showImageEffects":true,"showParticleSystems":true,"showVisualEffectGraphs":true,"m_FxEnabled":true},"in2DMode":false,"pivot":{"x":8.394630432128907,"y":2.2380619049072267,"z":10.299201011657715},"rotation":{"x":0.2707493305206299,"y":0.006832926534116268,"z":0.01101630087941885,"w":0.9638804197311401},"size":12.859642028808594,"orthographic":false}