{"cameraMode":{"drawMode":0,"name":"Shaded","section":"Shading Mode"},"sceneLighting":true,"audioPlay":false,"sceneViewState":{"m_AlwaysRefresh":false,"showFog":true,"showSkybox":true,"showFlares":true,"showImageEffects":true,"showParticleSystems":true,"showVisualEffectGraphs":true,"m_FxEnabled":true},"in2DMode":false,"pivot":{"x":13.479174613952637,"y":-14.319801330566407,"z":21.711050033569337},"rotation":{"x":-0.32113364338874819,"y":0.003806015942245722,"z":-0.0015132694970816374,"w":-0.94740229845047},"size":19.281667709350587,"orthographic":false}