{"cameraMode":{"drawMode":0,"name":"Shaded","section":"Shading Mode"},"sceneLighting":true,"audioPlay":false,"sceneViewState":{"m_AlwaysRefresh":false,"showFog":true,"showSkybox":true,"showFlares":true,"showImageEffects":true,"showParticleSystems":true,"showVisualEffectGraphs":true,"m_FxEnabled":true},"in2DMode":false,"pivot":{"x":14.777463912963868,"y":7.623882293701172,"z":22.545467376708986},"rotation":{"x":-0.29835301637649538,"y":0.05014543607831001,"z":-0.017205046489834787,"w":-0.9535759687423706},"size":1.3891347646713257,"orthographic":false}