{"cameraMode":{"drawMode":0,"name":"Shaded","section":"Shading Mode"},"sceneLighting":true,"audioPlay":false,"sceneViewState":{"m_AlwaysRefresh":false,"showFog":true,"showSkybox":true,"showFlares":true,"showImageEffects":true,"showParticleSystems":true,"showVisualEffectGraphs":true,"m_FxEnabled":true},"in2DMode":false,"pivot":{"x":10.469640731811524,"y":1.239208459854126,"z":30.74409294128418},"rotation":{"x":-0.2724922299385071,"y":-0.006352536380290985,"z":-0.0004515991313382983,"w":-0.9627597332000732},"size":5.425979137420654,"orthographic":false}