{"cameraMode":{"drawMode":0,"name":"Shaded","section":"Shading Mode"},"sceneLighting":true,"audioPlay":false,"sceneViewState":{"m_AlwaysRefresh":false,"showFog":true,"showSkybox":true,"showFlares":true,"showImageEffects":true,"showParticleSystems":true,"showVisualEffectGraphs":true,"m_FxEnabled":true},"in2DMode":false,"pivot":{"x":10.152813911437989,"y":2.8533012866973879,"z":22.056713104248048},"rotation":{"x":-0.14142562448978425,"y":-0.021046271547675134,"z":0.0011708359234035016,"w":-0.9903472661972046},"size":2.3656764030456545,"orthographic":false}