{"cameraMode":{"drawMode":0,"name":"Shaded","section":"Shading Mode"},"sceneLighting":false,"audioPlay":false,"sceneViewState":{"m_AlwaysRefresh":false,"showFog":true,"showSkybox":false,"showFlares":true,"showImageEffects":true,"showParticleSystems":true,"showVisualEffectGraphs":true,"m_FxEnabled":true},"in2DMode":false,"pivot":{"x":-0.6206969618797302,"y":1.3683228492736817,"z":-3.0645971298217775},"rotation":{"x":0.00007593299960717559,"y":-0.9962310194969177,"z":0.020899595692753793,"w":0.0916515365242958},"size":1.8202235698699952,"orthographic":false}