{"cameraMode":{"drawMode":0,"name":"Shaded","section":"Shading Mode"},"sceneLighting":false,"audioPlay":false,"sceneViewState":{"m_AlwaysRefresh":false,"showFog":true,"showSkybox":false,"showFlares":true,"showImageEffects":true,"showParticleSystems":true,"showVisualEffectGraphs":true,"m_FxEnabled":true},"in2DMode":false,"pivot":{"x":-5.375951290130615,"y":2.3831732273101808,"z":0.33312085270881655},"rotation":{"x":0.1789485663175583,"y":0.7171903252601624,"z":-0.19455167651176454,"w":0.6459107398986816},"size":0.09211169183254242,"orthographic":false}