{"cameraMode":{"drawMode":0,"name":"Shaded","section":"Shading Mode"},"sceneLighting":false,"audioPlay":false,"sceneViewState":{"m_AlwaysRefresh":false,"showFog":true,"showSkybox":false,"showFlares":true,"showImageEffects":true,"showParticleSystems":true,"showVisualEffectGraphs":true,"m_FxEnabled":true},"in2DMode":false,"pivot":{"x":-5.350996494293213,"y":2.4527766704559328,"z":0.3452254831790924},"rotation":{"x":0.048410672694444659,"y":0.7149739861488342,"z":-0.04540307819843292,"w":0.6970252394676209},"size":0.09211169183254242,"orthographic":false}