{"cameraMode":{"drawMode":0,"name":"Shaded","section":"Shading Mode"},"sceneLighting":false,"audioPlay":false,"sceneViewState":{"m_AlwaysRefresh":false,"showFog":true,"showSkybox":false,"showFlares":true,"showImageEffects":true,"showParticleSystems":true,"showVisualEffectGraphs":true,"m_FxEnabled":true},"in2DMode":false,"pivot":{"x":40.72999954223633,"y":2.265000104904175,"z":35.77299880981445},"rotation":{"x":-0.3291757106781006,"y":-0.008571961894631386,"z":0.0024440090637654068,"w":-0.9446244835853577},"size":1.2247449159622193,"orthographic":false}